{
    "AT": 0.9105252325803225,
    "V": 0.058625172782309824,
    "AP": 0.017573154012486866,
    "RH": 0.013276440624880719
}