{
    "MAE": 2.135911603331292,
    "MSE": 9.648423026592946,
    "RMSE": 3.106191080180507,
    "R2": 0.967474390177102
}